{
  "best": {
    "loss": 0.15924835205078125
  },
  "last": {
    "loss": 0.18539246779221755
  },
  "train.67": {
    "loss": 0.15924835205078125
  },
  "epoch_0": [
    "logs/classification/checkpoints/train.1.pth",
    212.4352088341346,
    {
      "loss": 212.4352088341346
    }
  ],
  "epoch_1": [
    "logs/classification/checkpoints/train.2.pth",
    23.202005004882814,
    {
      "loss": 23.202005004882814
    }
  ],
  "epoch_2": [
    "logs/classification/checkpoints/train.3.pth",
    3.4592986473670373,
    {
      "loss": 3.4592986473670373
    }
  ],
  "epoch_3": [
    "logs/classification/checkpoints/train.4.pth",
    4.975185159536508,
    {
      "loss": 4.975185159536508
    }
  ],
  "epoch_4": [
    "logs/classification/checkpoints/train.5.pth",
    0.6768120252169095,
    {
      "loss": 0.6768120252169095
    }
  ],
  "epoch_5": [
    "logs/classification/checkpoints/train.6.pth",
    1.244305816063514,
    {
      "loss": 1.244305816063514
    }
  ],
  "epoch_6": [
    "logs/classification/checkpoints/train.7.pth",
    0.5341014568622295,
    {
      "loss": 0.5341014568622295
    }
  ],
  "epoch_7": [
    "logs/classification/checkpoints/train.8.pth",
    1.19501219529372,
    {
      "loss": 1.19501219529372
    }
  ],
  "epoch_8": [
    "logs/classification/checkpoints/train.9.pth",
    0.44713441408597504,
    {
      "loss": 0.44713441408597504
    }
  ],
  "epoch_9": [
    "logs/classification/checkpoints/train.10.pth",
    0.6698269477257361,
    {
      "loss": 0.6698269477257361
    }
  ],
  "epoch_10": [
    "logs/classification/checkpoints/train.11.pth",
    8.853970102163462,
    {
      "loss": 8.853970102163462
    }
  ],
  "epoch_11": [
    "logs/classification/checkpoints/train.12.pth",
    2.1482183383061337,
    {
      "loss": 2.1482183383061337
    }
  ],
  "epoch_12": [
    "logs/classification/checkpoints/train.13.pth",
    0.2908072985135592,
    {
      "loss": 0.2908072985135592
    }
  ],
  "epoch_13": [
    "logs/classification/checkpoints/train.14.pth",
    0.4034613609313965,
    {
      "loss": 0.4034613609313965
    }
  ],
  "epoch_14": [
    "logs/classification/checkpoints/train.15.pth",
    0.48197167836702787,
    {
      "loss": 0.48197167836702787
    }
  ],
  "epoch_15": [
    "logs/classification/checkpoints/train.16.pth",
    0.36096824132479155,
    {
      "loss": 0.36096824132479155
    }
  ],
  "epoch_16": [
    "logs/classification/checkpoints/train.17.pth",
    0.3845213633317214,
    {
      "loss": 0.3845213633317214
    }
  ],
  "epoch_17": [
    "logs/classification/checkpoints/train.18.pth",
    0.348096697147076,
    {
      "loss": 0.348096697147076
    }
  ],
  "epoch_18": [
    "logs/classification/checkpoints/train.19.pth",
    0.9390951523414025,
    {
      "loss": 0.9390951523414025
    }
  ],
  "epoch_19": [
    "logs/classification/checkpoints/train.20.pth",
    5.173769085223858,
    {
      "loss": 5.173769085223858
    }
  ],
  "epoch_20": [
    "logs/classification/checkpoints/train.21.pth",
    1.820077793414776,
    {
      "loss": 1.820077793414776
    }
  ],
  "epoch_21": [
    "logs/classification/checkpoints/train.22.pth",
    0.7271440505981446,
    {
      "loss": 0.7271440505981446
    }
  ],
  "epoch_22": [
    "logs/classification/checkpoints/train.23.pth",
    1.1305129124568059,
    {
      "loss": 1.1305129124568059
    }
  ],
  "epoch_23": [
    "logs/classification/checkpoints/train.24.pth",
    1.1211142026461087,
    {
      "loss": 1.1211142026461087
    }
  ],
  "epoch_24": [
    "logs/classification/checkpoints/train.25.pth",
    0.27439088087815505,
    {
      "loss": 0.27439088087815505
    }
  ],
  "epoch_25": [
    "logs/classification/checkpoints/train.26.pth",
    7.227278371957632,
    {
      "loss": 7.227278371957632
    }
  ],
  "epoch_26": [
    "logs/classification/checkpoints/train.27.pth",
    0.32758874526390663,
    {
      "loss": 0.32758874526390663
    }
  ],
  "epoch_27": [
    "logs/classification/checkpoints/train.28.pth",
    0.2917044896345872,
    {
      "loss": 0.2917044896345872
    }
  ],
  "epoch_28": [
    "logs/classification/checkpoints/train.29.pth",
    0.1988275014437162,
    {
      "loss": 0.1988275014437162
    }
  ],
  "epoch_29": [
    "logs/classification/checkpoints/train.30.pth",
    0.31747078528771033,
    {
      "loss": 0.31747078528771033
    }
  ],
  "epoch_30": [
    "logs/classification/checkpoints/train.31.pth",
    0.3787762275108924,
    {
      "loss": 0.3787762275108924
    }
  ],
  "epoch_31": [
    "logs/classification/checkpoints/train.32.pth",
    0.5652846556443435,
    {
      "loss": 0.5652846556443435
    }
  ],
  "epoch_32": [
    "logs/classification/checkpoints/train.33.pth",
    4.620791794703557,
    {
      "loss": 4.620791794703557
    }
  ],
  "epoch_33": [
    "logs/classification/checkpoints/train.34.pth",
    1.349741715651292,
    {
      "loss": 1.349741715651292
    }
  ],
  "epoch_34": [
    "logs/classification/checkpoints/train.35.pth",
    0.5882718599759615,
    {
      "loss": 0.5882718599759615
    }
  ],
  "epoch_35": [
    "logs/classification/checkpoints/train.36.pth",
    6.5929440131554236,
    {
      "loss": 6.5929440131554236
    }
  ],
  "epoch_36": [
    "logs/classification/checkpoints/train.37.pth",
    0.5536019637034489,
    {
      "loss": 0.5536019637034489
    }
  ],
  "epoch_37": [
    "logs/classification/checkpoints/train.38.pth",
    0.6818493586320143,
    {
      "loss": 0.6818493586320143
    }
  ],
  "epoch_38": [
    "logs/classification/checkpoints/train.39.pth",
    0.6011208680959849,
    {
      "loss": 0.6011208680959849
    }
  ],
  "epoch_39": [
    "logs/classification/checkpoints/train.40.pth",
    1.6625063841159526,
    {
      "loss": 1.6625063841159526
    }
  ],
  "epoch_40": [
    "logs/classification/checkpoints/train.41.pth",
    0.2620190143585205,
    {
      "loss": 0.2620190143585205
    }
  ],
  "epoch_41": [
    "logs/classification/checkpoints/train.42.pth",
    0.24191041542933536,
    {
      "loss": 0.24191041542933536
    }
  ],
  "epoch_42": [
    "logs/classification/checkpoints/train.43.pth",
    0.22217798966627855,
    {
      "loss": 0.22217798966627855
    }
  ],
  "epoch_43": [
    "logs/classification/checkpoints/train.44.pth",
    0.23243445983299843,
    {
      "loss": 0.23243445983299843
    }
  ],
  "epoch_44": [
    "logs/classification/checkpoints/train.45.pth",
    0.3478066297677847,
    {
      "loss": 0.3478066297677847
    }
  ],
  "epoch_45": [
    "logs/classification/checkpoints/train.46.pth",
    0.22155169340280387,
    {
      "loss": 0.22155169340280387
    }
  ],
  "epoch_46": [
    "logs/classification/checkpoints/train.47.pth",
    0.2309987471653865,
    {
      "loss": 0.2309987471653865
    }
  ],
  "epoch_47": [
    "logs/classification/checkpoints/train.48.pth",
    0.21822303258455716,
    {
      "loss": 0.21822303258455716
    }
  ],
  "epoch_48": [
    "logs/classification/checkpoints/train.49.pth",
    0.20050329061654898,
    {
      "loss": 0.20050329061654898
    }
  ],
  "epoch_49": [
    "logs/classification/checkpoints/train.50.pth",
    0.20343930537884053,
    {
      "loss": 0.20343930537884053
    }
  ],
  "epoch_50": [
    "logs/classification/checkpoints/train.51.pth",
    0.19636198924137996,
    {
      "loss": 0.19636198924137996
    }
  ],
  "epoch_51": [
    "logs/classification/checkpoints/train.52.pth",
    0.20597262749305137,
    {
      "loss": 0.20597262749305137
    }
  ],
  "epoch_52": [
    "logs/classification/checkpoints/train.53.pth",
    0.1854424623342661,
    {
      "loss": 0.1854424623342661
    }
  ],
  "epoch_53": [
    "logs/classification/checkpoints/train.54.pth",
    0.21843344615055965,
    {
      "loss": 0.21843344615055965
    }
  ],
  "epoch_54": [
    "logs/classification/checkpoints/train.55.pth",
    0.2017278084388146,
    {
      "loss": 0.2017278084388146
    }
  ],