{
  "best": {
    "loss": 0.14893518330959174
  },
  "last": {
    "loss": 0.1508736322132441
  },
  "train.94": {
    "loss": 0.14893518330959174
  },
  "epoch_0": [
    "logs/classification/checkpoints/train.1.pth",
    1.1888702887755174,
    {
      "loss": 1.1888702887755174
    }
  ],
  "epoch_1": [
    "logs/classification/checkpoints/train.2.pth",
    0.9086479801398057,
    {
      "loss": 0.9086479801398057
    }
  ],
  "epoch_2": [
    "logs/classification/checkpoints/train.3.pth",
    0.6409638038048378,
    {
      "loss": 0.6409638038048378
    }
  ],
  "epoch_3": [
    "logs/classification/checkpoints/train.4.pth",
    0.4483813056579003,
    {
      "loss": 0.4483813056579003
    }
  ],
  "epoch_4": [
    "logs/classification/checkpoints/train.5.pth",
    0.4109092593193054,
    {
      "loss": 0.4109092593193054
    }
  ],
  "epoch_5": [
    "logs/classification/checkpoints/train.6.pth",
    0.34077687584436855,
    {
      "loss": 0.34077687584436855
    }
  ],
  "epoch_6": [
    "logs/classification/checkpoints/train.7.pth",
    0.3118378801987722,
    {
      "loss": 0.3118378801987722
    }
  ],
  "epoch_7": [
    "logs/classification/checkpoints/train.8.pth",
    0.3008873221965937,
    {
      "loss": 0.3008873221965937
    }
  ],
  "epoch_8": [
    "logs/classification/checkpoints/train.9.pth",
    0.26488355535727276,
    {
      "loss": 0.26488355535727276
    }
  ],
  "epoch_9": [
    "logs/classification/checkpoints/train.10.pth",
    0.262619764988239,
    {
      "loss": 0.262619764988239
    }
  ],
  "epoch_10": [
    "logs/classification/checkpoints/train.11.pth",
    0.26940273963488065,
    {
      "loss": 0.26940273963488065
    }
  ],
  "epoch_11": [
    "logs/classification/checkpoints/train.12.pth",
    0.2512436400239284,
    {
      "loss": 0.2512436400239284
    }
  ],
  "epoch_12": [
    "logs/classification/checkpoints/train.13.pth",
    0.24237511066290046,
    {
      "loss": 0.24237511066290046
    }
  ],
  "epoch_13": [
    "logs/classification/checkpoints/train.14.pth",
    0.2301490639264767,
    {
      "loss": 0.2301490639264767
    }
  ],
  "epoch_14": [
    "logs/classification/checkpoints/train.15.pth",
    0.25194900219257066,
    {
      "loss": 0.25194900219257066
    }
  ],
  "epoch_15": [
    "logs/classification/checkpoints/train.16.pth",
    0.2420472401839036,
    {
      "loss": 0.2420472401839036
    }
  ],
  "epoch_16": [
    "logs/classification/checkpoints/train.17.pth",
    0.22324531800471817,
    {
      "loss": 0.22324531800471817
    }
  ],
  "epoch_17": [
    "logs/classification/checkpoints/train.18.pth",
    0.20668676965511762,
    {
      "loss": 0.20668676965511762
    }
  ],
  "epoch_18": [
    "logs/classification/checkpoints/train.19.pth",
    0.21636355840242827,
    {
      "loss": 0.21636355840242827
    }
  ],
  "epoch_19": [
    "logs/classification/checkpoints/train.20.pth",
    0.20454768607249627,
    {
      "loss": 0.20454768607249627
    }
  ],
  "epoch_20": [
    "logs/classification/checkpoints/train.21.pth",
    0.22261863350868227,
    {
      "loss": 0.22261863350868227
    }
  ],
  "epoch_21": [
    "logs/classification/checkpoints/train.22.pth",
    0.17647985036556535,
    {
      "loss": 0.17647985036556535
    }
  ],
  "epoch_22": [
    "logs/classification/checkpoints/train.23.pth",
    0.18032217839589484,
    {
      "loss": 0.18032217839589484
    }
  ],
  "epoch_23": [
    "logs/classification/checkpoints/train.24.pth",
    0.18967197388410567,
    {
      "loss": 0.18967197388410567
    }
  ],
  "epoch_24": [
    "logs/classification/checkpoints/train.25.pth",
    0.19482380277835404,
    {
      "loss": 0.19482380277835404
    }
  ],
  "epoch_25": [
    "logs/classification/checkpoints/train.26.pth",
    0.1749444829729887,
    {
      "loss": 0.1749444829729887
    }
  ],
  "epoch_26": [
    "logs/classification/checkpoints/train.27.pth",
    0.17169424599179856,
    {
      "loss": 0.17169424599179856
    }
  ],
  "epoch_27": [
    "logs/classification/checkpoints/train.28.pth",
    0.19223395373958807,
    {
      "loss": 0.19223395373958807
    }
  ],
  "epoch_28": [
    "logs/classification/checkpoints/train.29.pth",
    0.16820157846579187,
    {
      "loss": 0.16820157846579187
    }
  ],
  "epoch_29": [
    "logs/classification/checkpoints/train.30.pth",
    0.17518825169939262,
    {
      "loss": 0.17518825169939262
    }
  ],
  "epoch_30": [
    "logs/classification/checkpoints/train.31.pth",
    0.15834051227340334,
    {
      "loss": 0.15834051227340334
    }
  ],
  "epoch_31": [
    "logs/classification/checkpoints/train.32.pth",
    0.16022120335927376,
    {
      "loss": 0.16022120335927376
    }
  ],
  "epoch_32": [
    "logs/classification/checkpoints/train.33.pth",
    0.1725252334888165,
    {
      "loss": 0.1725252334888165
    }
  ],
  "epoch_33": [
    "logs/classification/checkpoints/train.34.pth",
    0.16193978087260172,
    {
      "loss": 0.16193978087260172
    }
  ],
  "epoch_34": [
    "logs/classification/checkpoints/train.35.pth",
    0.16829739671487073,
    {
      "loss": 0.16829739671487073
    }
  ],
  "epoch_35": [
    "logs/classification/checkpoints/train.36.pth",
    0.17079500567454556,
    {
      "loss": 0.17079500567454556
    }
  ],
  "epoch_36": [
    "logs/classification/checkpoints/train.37.pth",
    0.15575190066145017,
    {
      "loss": 0.15575190066145017
    }
  ],
  "epoch_37": [
    "logs/classification/checkpoints/train.38.pth",
    0.15688919447935545,
    {
      "loss": 0.15688919447935545
    }
  ],
  "epoch_38": [
    "logs/classification/checkpoints/train.39.pth",
    0.1657110101901568,
    {
      "loss": 0.1657110101901568
    }
  ],
  "epoch_39": [
    "logs/classification/checkpoints/train.40.pth",
    0.15988999582253968,
    {
      "loss": 0.15988999582253968
    }
  ],
  "epoch_40": [
    "logs/classification/checkpoints/train.41.pth",
    0.16227682485030245,
    {
      "loss": 0.16227682485030245
    }
  ],
  "epoch_41": [
    "logs/classification/checkpoints/train.42.pth",
    0.16571900540819534,
    {
      "loss": 0.16571900540819534
    }
  ],
  "epoch_42": [
    "logs/classification/checkpoints/train.43.pth",
    0.17261371520849375,
    {
      "loss": 0.17261371520849375
    }
  ],
  "epoch_43": [
    "logs/classification/checkpoints/train.44.pth",
    0.16251600625423285,
    {
      "loss": 0.16251600625423285
    }
  ],
  "epoch_44": [
    "logs/classification/checkpoints/train.45.pth",
    0.15569713493952383,
    {
      "loss": 0.15569713493952383
    }
  ],
  "epoch_45": [
    "logs/classification/checkpoints/train.46.pth",
    0.17362628739613753,
    {
      "loss": 0.17362628739613753
    }
  ],
  "epoch_46": [
    "logs/classification/checkpoints/train.47.pth",
    0.17164239356150995,
    {
      "loss": 0.17164239356150995
    }
  ],
  "epoch_47": [
    "logs/classification/checkpoints/train.48.pth",
    0.17363363470022494,
    {
      "loss": 0.17363363470022494
    }
  ],
  "epoch_48": [
    "logs/classification/checkpoints/train.49.pth",
    0.1609358114691881,
    {
      "loss": 0.1609358114691881
    }
  ],
  "epoch_49": [
    "logs/classification/checkpoints/train.50.pth",
    0.18073988339075675,
    {
      "loss": 0.18073988339075675
    }
  ],
  "epoch_50": [
    "logs/classification/checkpoints/train.51.pth",
    0.17121198538404245,
    {
      "loss": 0.17121198538404245
    }
  ],
  "epoch_51": [
    "logs/classification/checkpoints/train.52.pth",
    0.1543467138822262,
    {
      "loss": 0.1543467138822262
    }
  ],
  "epoch_52": [
    "logs/classification/checkpoints/train.53.pth",
    0.15030061178482496,
    {
      "loss": 0.15030061178482496
    }
  ],
  "epoch_53": [
    "logs/classification/checkpoints/train.54.pth",
    0.1570691215304228,
    {
      "loss": 0.1570691215304228
    }
  ],