{
  "best": {
    "iou": 0.024017130526212547,
    "loss": 0.08482700402920063
  },
  "last": {
    "iou": 0.024065249800108945,
    "loss": 0.08801778279818022
  },
  "train.56": {
    "iou": 0.024017130526212547,
    "loss": 0.08482700402920063
  },
  "epoch_0": [
    "logs/segmentation/0/checkpoints/train.1.pth",
    0.9103844202481783,
    {
      "iou": 0.020681658286887866,
      "loss": 0.9103844202481783
    }
  ],
  "epoch_1": [
    "logs/segmentation/0/checkpoints/train.2.pth",
    0.220032759813162,
    {
      "iou": 0.023375767168517296,
      "loss": 0.220032759813162
    }
  ],
  "epoch_2": [
    "logs/segmentation/0/checkpoints/train.3.pth",
    0.2207710339472844,
    {
      "iou": 0.02332851763528127,
      "loss": 0.2207710339472844
    }
  ],
  "epoch_3": [
    "logs/segmentation/0/checkpoints/train.4.pth",
    0.16109938804919904,
    {
      "iou": 0.02323630929279786,
      "loss": 0.16109938804919904
    }
  ],
  "epoch_4": [
    "logs/segmentation/0/checkpoints/train.5.pth",
    0.16342433599325326,
    {
      "iou": 0.023949843559127586,
      "loss": 0.16342433599325326
    }
  ],
  "epoch_5": [
    "logs/segmentation/0/checkpoints/train.6.pth",
    0.16386532416710486,
    {
      "iou": 0.02377485462392752,
      "loss": 0.16386532416710486
    }
  ],
  "epoch_6": [
    "logs/segmentation/0/checkpoints/train.7.pth",
    0.14723192178286038,
    {
      "iou": 0.023175630904734134,
      "loss": 0.14723192178286038
    }
  ],
  "epoch_7": [
    "logs/segmentation/0/checkpoints/train.8.pth",
    0.22044679384965163,
    {
      "iou": 0.022360074176238132,
      "loss": 0.22044679384965163
    }
  ],
  "epoch_8": [
    "logs/segmentation/0/checkpoints/train.9.pth",
    0.14374742141136757,
    {
      "iou": 0.023484705503170306,
      "loss": 0.14374742141136757
    }
  ],
  "epoch_9": [
    "logs/segmentation/0/checkpoints/train.10.pth",
    0.16471246756040134,
    {
      "iou": 0.022906465771106572,
      "loss": 0.16471246756040134
    }
  ],
  "epoch_10": [
    "logs/segmentation/0/checkpoints/train.11.pth",
    0.16018526737506572,
    {
      "iou": 0.022987051437107418,
      "loss": 0.16018526737506572
    }
  ],
  "epoch_11": [
    "logs/segmentation/0/checkpoints/train.12.pth",
    0.1613447253520672,
    {
      "iou": 0.023335938900709154,
      "loss": 0.1613447253520672
    }
  ],
  "epoch_12": [
    "logs/segmentation/0/checkpoints/train.13.pth",
    0.12500805121201736,
    {
      "iou": 0.023463114737891234,
      "loss": 0.12500805121201736
    }
  ],
  "epoch_13": [
    "logs/segmentation/0/checkpoints/train.14.pth",
    0.1504987386556772,
    {
      "iou": 0.024025028170301364,
      "loss": 0.1504987386556772
    }
  ],
  "epoch_14": [
    "logs/segmentation/0/checkpoints/train.15.pth",
    0.1175227247751676,
    {
      "iou": 0.02352853726882201,
      "loss": 0.1175227247751676
    }
  ],
  "epoch_15": [
    "logs/segmentation/0/checkpoints/train.16.pth",
    0.1185212520452646,
    {
      "iou": 0.023432736843824388,
      "loss": 0.1185212520452646
    }
  ],
  "epoch_16": [
    "logs/segmentation/0/checkpoints/train.17.pth",
    0.12562663921943076,
    {
      "iou": 0.02367393454680076,
      "loss": 0.12562663921943076
    }
  ],
  "epoch_17": [
    "logs/segmentation/0/checkpoints/train.18.pth",
    0.10656278775288508,
    {
      "iou": 0.024070406733797147,
      "loss": 0.10656278775288508
    }
  ],
  "epoch_18": [
    "logs/segmentation/0/checkpoints/train.19.pth",
    0.2376899792597844,
    {
      "iou": 0.024019549758388447,
      "loss": 0.2376899792597844
    }
  ],
  "epoch_19": [
    "logs/segmentation/0/checkpoints/train.20.pth",
    0.1804103053533114,
    {
      "iou": 0.023156218245052373,
      "loss": 0.1804103053533114
    }
  ],
  "epoch_20": [
    "logs/segmentation/0/checkpoints/train.21.pth",
    0.1399796669299786,
    {
      "iou": 0.0233175619576986,
      "loss": 0.1399796669299786
    }
  ],
  "epoch_21": [
    "logs/segmentation/0/checkpoints/train.22.pth",
    0.11685539667422955,
    {
      "iou": 0.023768597597686143,
      "loss": 0.11685539667422955
    }
  ],
  "epoch_22": [
    "logs/segmentation/0/checkpoints/train.23.pth",
    0.10305626025566687,
    {
      "iou": 0.023890162947086187,
      "loss": 0.10305626025566687
    }
  ],
  "epoch_23": [
    "logs/segmentation/0/checkpoints/train.24.pth",
    0.13673051045491144,
    {
      "iou": 0.02314917165786028,
      "loss": 0.13673051045491144
    }
  ],
  "epoch_24": [
    "logs/segmentation/0/checkpoints/train.25.pth",
    0.1419481946871831,
    {
      "iou": 0.02328703380548037,
      "loss": 0.1419481946871831
    }
  ],
  "epoch_25": [
    "logs/segmentation/0/checkpoints/train.26.pth",
    0.1582089451643137,
    {
      "iou": 0.02296103989848724,
      "loss": 0.1582089451643137
    }
  ],
  "epoch_26": [
    "logs/segmentation/0/checkpoints/train.27.pth",
    0.132973496730511,
    {
      "iou": 0.023484579043892714,
      "loss": 0.132973496730511
    }
  ],
  "epoch_27": [
    "logs/segmentation/0/checkpoints/train.28.pth",
    0.11453298422006461,
    {
      "iou": 0.02347476720236815,
      "loss": 0.11453298422006461
    }
  ],
  "epoch_28": [
    "logs/segmentation/0/checkpoints/train.29.pth",
    0.14854822067114024,
    {
      "iou": 0.02323045704800349,
      "loss": 0.14854822067114024
    }
  ],
  "epoch_29": [
    "logs/segmentation/0/checkpoints/train.30.pth",
    0.11654174327850342,
    {
      "iou": 0.02360912810724515,
      "loss": 0.11654174327850342
    }
  ],
  "epoch_30": [
    "logs/segmentation/0/checkpoints/train.31.pth",
    0.10314321059447068,
    {
      "iou": 0.023657136639723412,
      "loss": 0.10314321059447068
    }
  ],
  "epoch_31": [
    "logs/segmentation/0/checkpoints/train.32.pth",
    0.10229155008609478,
    {
      "iou": 0.023740962362633303,
      "loss": 0.10229155008609478
    }
  ],
  "epoch_32": [
    "logs/segmentation/0/checkpoints/train.33.pth",
    0.11584365642987765,
    {
      "iou": 0.024059385276184633,
      "loss": 0.11584365642987765
    }
  ],
  "epoch_33": [
    "logs/segmentation/0/checkpoints/train.34.pth",
    0.12288256241725042,
    {
      "iou": 0.023816016445366236,
      "loss": 0.12288256241725042
    }
  ],
  "epoch_34": [
    "logs/segmentation/0/checkpoints/train.35.pth",
    0.10547043360196627,
    {
      "iou": 0.02404093361244752,
      "loss": 0.10547043360196627
    }
  ],
  "epoch_35": [
    "logs/segmentation/0/checkpoints/train.36.pth",
    0.09620929406239437,
    {
      "iou": 0.024000521133152337,
      "loss": 0.09620929406239437
    }
  ],
  "epoch_36": [
    "logs/segmentation/0/checkpoints/train.37.pth",
    0.09548154152356661,
    {
      "iou": 0.024009847110853744,
      "loss": 0.09548154152356661
    }
  ],
  "epoch_37": [
    "logs/segmentation/0/checkpoints/train.38.pth",
    0.09355118641486534,
    {
      "iou": 0.023926773079885888,
      "loss": 0.09355118641486534
    }
  ],
  "epoch_38": [
    "logs/segmentation/0/checkpoints/train.39.pth",
    0.10895821406291081,
    {
      "iou": 0.024052741607794394,
      "loss": 0.10895821406291081
    }
  ],
  "epoch_39": [
    "logs/segmentation/0/checkpoints/train.40.pth",
    0.0959432601928711,
    {
      "iou": 0.02414428571668955,
      "loss": 0.0959432601928711
    }
  ],
  "epoch_40": [
    "logs/segmentation/0/checkpoints/train.41.pth",
    0.09693213609548715,
    {
      "iou": 0.024042829498648645,
      "loss": 0.09693213609548715
    }
  ],
  "epoch_41": [
    "logs/segmentation/0/checkpoints/train.42.pth",
    0.09863154521355262,
    {
      "iou": 0.023891596811322066,
      "loss": 0.09863154521355262
    }
  ],
  "epoch_42": [
    "logs/segmentation/0/checkpoints/train.43.pth",
    0.10618965809161847,
    {
      "iou": 0.023626310406969143,
      "loss": 0.10618965809161847
    }
  ],