{
  "best": {
    "iou": 0.024062535739862,
    "loss": 0.07902316313523512
  },
  "last": {
    "iou": 0.02406448727616897,
    "loss": 0.07989231989933894
  },
  "train.99": {
    "iou": 0.024062535739862,
    "loss": 0.07902316313523512
  },
  "epoch_0": [
    "logs/segmentation/0/checkpoints/train.1.pth",
    0.9635205067121065,
    {
      "iou": 0.017477089926027336,
      "loss": 0.9635205067121065
    }
  ],
  "epoch_1": [
    "logs/segmentation/0/checkpoints/train.2.pth",
    0.7591460924882155,
    {
      "iou": 0.022861027645950133,
      "loss": 0.7591460924882155
    }
  ],
  "epoch_2": [
    "logs/segmentation/0/checkpoints/train.3.pth",
    0.2624057072859544,
    {
      "iou": 0.022842893964396073,
      "loss": 0.2624057072859544
    }
  ],
  "epoch_3": [
    "logs/segmentation/0/checkpoints/train.4.pth",
    0.23147853246101965,
    {
      "iou": 0.02261316766246007,
      "loss": 0.23147853246101965
    }
  ],
  "epoch_4": [
    "logs/segmentation/0/checkpoints/train.5.pth",
    0.23359281008060162,
    {
      "iou": 0.023281062580645086,
      "loss": 0.23359281008060162
    }
  ],
  "epoch_5": [
    "logs/segmentation/0/checkpoints/train.6.pth",
    0.21174366199053252,
    {
      "iou": 0.023293816670775413,
      "loss": 0.21174366199053252
    }
  ],
  "epoch_6": [
    "logs/segmentation/0/checkpoints/train.7.pth",
    0.20185270584546602,
    {
      "iou": 0.02272452716357433,
      "loss": 0.20185270584546602
    }
  ],
  "epoch_7": [
    "logs/segmentation/0/checkpoints/train.8.pth",
    0.30596724656911994,
    {
      "iou": 0.02193535818503453,
      "loss": 0.30596724656911994
    }
  ],
  "epoch_8": [
    "logs/segmentation/0/checkpoints/train.9.pth",
    0.3976393149449275,
    {
      "iou": 0.023486242901820404,
      "loss": 0.3976393149449275
    }
  ],
  "epoch_9": [
    "logs/segmentation/0/checkpoints/train.10.pth",
    0.27534208389428944,
    {
      "iou": 0.021710997662292078,
      "loss": 0.27534208389428944
    }
  ],
  "epoch_10": [
    "logs/segmentation/0/checkpoints/train.11.pth",
    0.22922889177615827,
    {
      "iou": 0.022254165613020842,
      "loss": 0.22922889177615827
    }
  ],
  "epoch_11": [
    "logs/segmentation/0/checkpoints/train.12.pth",
    0.19043467778425952,
    {
      "iou": 0.02264571039435955,
      "loss": 0.19043467778425952
    }
  ],
  "epoch_12": [
    "logs/segmentation/0/checkpoints/train.13.pth",
    0.14796155232649583,
    {
      "iou": 0.02355581668133919,
      "loss": 0.14796155232649583
    }
  ],
  "epoch_13": [
    "logs/segmentation/0/checkpoints/train.14.pth",
    0.16813691212580753,
    {
      "iou": 0.023062432170487368,
      "loss": 0.16813691212580753
    }
  ],
  "epoch_14": [
    "logs/segmentation/0/checkpoints/train.15.pth",
    0.14094322828146127,
    {
      "iou": 0.0234011804828277,
      "loss": 0.14094322828146127
    }
  ],
  "epoch_15": [
    "logs/segmentation/0/checkpoints/train.16.pth",
    0.1348128474675692,
    {
      "iou": 0.023404753795610023,
      "loss": 0.1348128474675692
    }
  ],
  "epoch_16": [
    "logs/segmentation/0/checkpoints/train.17.pth",
    0.13354036716314463,
    {
      "iou": 0.023537768538181597,
      "loss": 0.13354036716314463
    }
  ],
  "epoch_17": [
    "logs/segmentation/0/checkpoints/train.18.pth",
    0.12076108547357413,
    {
      "iou": 0.02367580760843479,
      "loss": 0.12076108547357413
    }
  ],
  "epoch_18": [
    "logs/segmentation/0/checkpoints/train.19.pth",
    0.25480308991212114,
    {
      "iou": 0.023748621731423416,
      "loss": 0.25480308991212114
    }
  ],
  "epoch_19": [
    "logs/segmentation/0/checkpoints/train.20.pth",
    0.15440125098595253,
    {
      "iou": 0.023825510362019905,
      "loss": 0.15440125098595253
    }
  ],
  "epoch_20": [
    "logs/segmentation/0/checkpoints/train.21.pth",
    0.15671277779799242,
    {
      "iou": 0.023218800586003525,
      "loss": 0.15671277779799242
    }
  ],
  "epoch_21": [
    "logs/segmentation/0/checkpoints/train.22.pth",
    0.13956105892474835,
    {
      "iou": 0.023675975131873903,
      "loss": 0.13956105892474835
    }
  ],
  "epoch_22": [
    "logs/segmentation/0/checkpoints/train.23.pth",
    0.12467489242553711,
    {
      "iou": 0.02369252610951662,
      "loss": 0.12467489242553711
    }
  ],
  "epoch_23": [
    "logs/segmentation/0/checkpoints/train.24.pth",
    0.1367475573833172,
    {
      "iou": 0.02325639221817255,
      "loss": 0.1367475573833172
    }
  ],
  "epoch_24": [
    "logs/segmentation/0/checkpoints/train.25.pth",
    0.12973025395320012,
    {
      "iou": 0.023840054898307872,
      "loss": 0.12973025395320012
    }
  ],
  "epoch_25": [
    "logs/segmentation/0/checkpoints/train.26.pth",
    0.12436982301565316,
    {
      "iou": 0.023525262996554375,
      "loss": 0.12436982301565316
    }
  ],
  "epoch_26": [
    "logs/segmentation/0/checkpoints/train.27.pth",
    0.12170483332413894,
    {
      "iou": 0.023470449906129103,
      "loss": 0.12170483332413894
    }
  ],
  "epoch_27": [
    "logs/segmentation/0/checkpoints/train.28.pth",
    0.13212091739361104,
    {
      "iou": 0.023461649065407424,
      "loss": 0.13212091739361104
    }
  ],
  "epoch_28": [
    "logs/segmentation/0/checkpoints/train.29.pth",
    0.1431351194014916,
    {
      "iou": 0.02301206303617129,
      "loss": 0.1431351194014916
    }
  ],
  "epoch_29": [
    "logs/segmentation/0/checkpoints/train.30.pth",
    0.1140639222585238,
    {
      "iou": 0.023708098109524983,
      "loss": 0.1140639222585238
    }
  ],
  "epoch_30": [
    "logs/segmentation/0/checkpoints/train.31.pth",
    0.11427087233616756,
    {
      "iou": 0.02381025577107301,
      "loss": 0.11427087233616756
    }
  ],
  "epoch_31": [
    "logs/segmentation/0/checkpoints/train.32.pth",
    0.1039882962520306,
    {
      "iou": 0.023666214255186228,
      "loss": 0.1039882962520306
    }
  ],
  "epoch_32": [
    "logs/segmentation/0/checkpoints/train.33.pth",
    0.1026785447047307,
    {
      "iou": 0.023812518999553643,
      "loss": 0.1026785447047307
    }
  ],
  "epoch_33": [
    "logs/segmentation/0/checkpoints/train.34.pth",
    0.11143799928518441,
    {
      "iou": 0.023538693284186032,
      "loss": 0.11143799928518441
    }
  ],
  "epoch_34": [
    "logs/segmentation/0/checkpoints/train.35.pth",
    0.10639686034275936,
    {
      "iou": 0.023602341373379413,
      "loss": 0.10639686034275936
    }
  ],
  "epoch_35": [
    "logs/segmentation/0/checkpoints/train.36.pth",
    0.11173581801928006,
    {
      "iou": 0.024038256188997856,
      "loss": 0.11173581801928006
    }
  ],
  "epoch_36": [
    "logs/segmentation/0/checkpoints/train.37.pth",
    0.11510798931121827,
    {
      "iou": 0.02347135073863543,
      "loss": 0.11510798931121827
    }
  ],
  "epoch_37": [
    "logs/segmentation/0/checkpoints/train.38.pth",
    0.10158420067567092,
    {
      "iou": 0.023809639636713724,
      "loss": 0.10158420067567092
    }
  ],
  "epoch_38": [
    "logs/segmentation/0/checkpoints/train.39.pth",
    0.11601279973983765,
    {
      "iou": 0.024113368429243564,
      "loss": 0.11601279973983765
    }
  ],
  "epoch_39": [
    "logs/segmentation/0/checkpoints/train.40.pth",
    0.09926793483587412,
    {
      "iou": 0.023860401631547856,
      "loss": 0.09926793483587412
    }
  ],
  "epoch_40": [
    "logs/segmentation/0/checkpoints/train.41.pth",
    0.10268047864620503,
    {
      "iou": 0.023929907782719684,
      "loss": 0.10268047864620503
    }
  ],
  "epoch_41": [
    "logs/segmentation/0/checkpoints/train.42.pth",
    0.10888569355010987,
    {
      "iou": 0.023799617445239653,
      "loss": 0.10888569355010987
    }
  ],
  "epoch_42": [
    "logs/segmentation/0/checkpoints/train.43.pth",
    0.11118382307199332,
    {
      "iou": 0.023545466564022576,
      "loss": 0.11118382307199332
    }
  ],