{
  "best": {
    "iou": 0.029553237213538242,
    "loss": 0.08851079757396992
  },
  "last": {
    "iou": 0.029524688422679902,
    "loss": 0.08943696939028227
  },
  "train.96": {
    "iou": 0.029553237213538242,
    "loss": 0.08851079757396992
  },
  "epoch_0": [
    "logs/segmentation/2/checkpoints/train.1.pth",
    0.9398421067457933,
    {
      "iou": 0.023322692054968615,
      "loss": 0.9398421067457933
    }
  ],
  "epoch_1": [
    "logs/segmentation/2/checkpoints/train.2.pth",
    0.7338273726976835,
    {
      "iou": 0.027811954686274894,
      "loss": 0.7338273726976835
    }
  ],
  "epoch_2": [
    "logs/segmentation/2/checkpoints/train.3.pth",
    0.2651771582089938,
    {
      "iou": 0.027827603885760673,
      "loss": 0.2651771582089938
    }
  ],
  "epoch_3": [
    "logs/segmentation/2/checkpoints/train.4.pth",
    0.24226757471378033,
    {
      "iou": 0.029038122525581946,
      "loss": 0.24226757471378033
    }
  ],
  "epoch_4": [
    "logs/segmentation/2/checkpoints/train.5.pth",
    0.2572746891241807,
    {
      "iou": 0.029230110633831758,
      "loss": 0.2572746891241807
    }
  ],
  "epoch_5": [
    "logs/segmentation/2/checkpoints/train.6.pth",
    0.18994104036918052,
    {
      "iou": 0.02918711774624311,
      "loss": 0.18994104036918052
    }
  ],
  "epoch_6": [
    "logs/segmentation/2/checkpoints/train.7.pth",
    0.22692119616728562,
    {
      "iou": 0.02778701805151426,
      "loss": 0.22692119616728562
    }
  ],
  "epoch_7": [
    "logs/segmentation/2/checkpoints/train.8.pth",
    0.17693210014930139,
    {
      "iou": 0.02864585409943874,
      "loss": 0.17693210014930139
    }
  ],
  "epoch_8": [
    "logs/segmentation/2/checkpoints/train.9.pth",
    0.23341357524578388,
    {
      "iou": 0.029123095709543963,
      "loss": 0.23341357524578388
    }
  ],
  "epoch_9": [
    "logs/segmentation/2/checkpoints/train.10.pth",
    0.26692148171938385,
    {
      "iou": 0.029324027208181527,
      "loss": 0.26692148171938385
    }
  ],
  "epoch_10": [
    "logs/segmentation/2/checkpoints/train.11.pth",
    0.21356608592546902,
    {
      "iou": 0.028571678698062895,
      "loss": 0.21356608592546902
    }
  ],
  "epoch_11": [
    "logs/segmentation/2/checkpoints/train.12.pth",
    0.18041554322609535,
    {
      "iou": 0.02824273000542934,
      "loss": 0.18041554322609535
    }
  ],
  "epoch_12": [
    "logs/segmentation/2/checkpoints/train.13.pth",
    0.1607049400989826,
    {
      "iou": 0.02886287340751061,
      "loss": 0.1607049400989826
    }
  ],
  "epoch_13": [
    "logs/segmentation/2/checkpoints/train.14.pth",
    0.2186079135307899,
    {
      "iou": 0.027603705399311507,
      "loss": 0.2186079135307899
    }
  ],
  "epoch_14": [
    "logs/segmentation/2/checkpoints/train.15.pth",
    0.224696029149569,
    {
      "iou": 0.02909008849125642,
      "loss": 0.224696029149569
    }
  ],
  "epoch_15": [
    "logs/segmentation/2/checkpoints/train.16.pth",
    0.4907200602384714,
    {
      "iou": 0.028855950786517218,
      "loss": 0.4907200602384714
    }
  ],
  "epoch_16": [
    "logs/segmentation/2/checkpoints/train.17.pth",
    0.1614565922663762,
    {
      "iou": 0.02865993781731679,
      "loss": 0.1614565922663762
    }
  ],
  "epoch_17": [
    "logs/segmentation/2/checkpoints/train.18.pth",
    0.15900251223490788,
    {
      "iou": 0.028718523394602995,
      "loss": 0.15900251223490788
    }
  ],
  "epoch_18": [
    "logs/segmentation/2/checkpoints/train.19.pth",
    0.14951860629595243,
    {
      "iou": 0.028857335849450185,
      "loss": 0.14951860629595243
    }
  ],
  "epoch_19": [
    "logs/segmentation/2/checkpoints/train.20.pth",
    0.14690103439184335,
    {
      "iou": 0.029123240136183226,
      "loss": 0.14690103439184335
    }
  ],
  "epoch_20": [
    "logs/segmentation/2/checkpoints/train.21.pth",
    0.8373431095710168,
    {
      "iou": 0.027455038462693874,
      "loss": 0.8373431095710168
    }
  ],
  "epoch_21": [
    "logs/segmentation/2/checkpoints/train.22.pth",
    0.15364846082834097,
    {
      "iou": 0.02855024515436246,
      "loss": 0.15364846082834097
    }
  ],
  "epoch_22": [
    "logs/segmentation/2/checkpoints/train.23.pth",
    0.15084548179919904,
    {
      "iou": 0.028743506624148443,
      "loss": 0.15084548179919904
    }
  ],
  "epoch_23": [
    "logs/segmentation/2/checkpoints/train.24.pth",
    0.1726807190821721,
    {
      "iou": 0.028051965683698655,
      "loss": 0.1726807190821721
    }
  ],
  "epoch_24": [
    "logs/segmentation/2/checkpoints/train.25.pth",
    0.14421842648432806,
    {
      "iou": 0.02856993176616155,
      "loss": 0.14421842648432806
    }
  ],
  "epoch_25": [
    "logs/segmentation/2/checkpoints/train.26.pth",
    0.14303167966695932,
    {
      "iou": 0.0294650005033383,
      "loss": 0.14303167966695932
    }
  ],
  "epoch_26": [
    "logs/segmentation/2/checkpoints/train.27.pth",
    0.13131590989919809,
    {
      "iou": 0.028850344396554508,
      "loss": 0.13131590989919809
    }
  ],
  "epoch_27": [
    "logs/segmentation/2/checkpoints/train.28.pth",
    0.12272245792242197,
    {
      "iou": 0.029123401871094336,
      "loss": 0.12272245792242197
    }
  ],
  "epoch_28": [
    "logs/segmentation/2/checkpoints/train.29.pth",
    0.1402738360258249,
    {
      "iou": 0.028687252218906695,
      "loss": 0.1402738360258249
    }
  ],
  "epoch_29": [
    "logs/segmentation/2/checkpoints/train.30.pth",
    0.14539822064913235,
    {
      "iou": 0.028518120371378384,
      "loss": 0.14539822064913235
    }
  ],
  "epoch_30": [
    "logs/segmentation/2/checkpoints/train.31.pth",
    0.11658566273175754,
    {
      "iou": 0.029149888398555607,
      "loss": 0.11658566273175754
    }
  ],
  "epoch_31": [
    "logs/segmentation/2/checkpoints/train.32.pth",
    0.11971869835486779,
    {
      "iou": 0.029251346794458535,
      "loss": 0.11971869835486779
    }
  ],
  "epoch_32": [
    "logs/segmentation/2/checkpoints/train.33.pth",
    0.11760912950222309,
    {
      "iou": 0.029171964124991345,
      "loss": 0.11760912950222309
    }
  ],
  "epoch_33": [
    "logs/segmentation/2/checkpoints/train.34.pth",
    0.11875733045431283,
    {
      "iou": 0.02896912608009118,
      "loss": 0.11875733045431283
    }
  ],
  "epoch_34": [
    "logs/segmentation/2/checkpoints/train.35.pth",
    0.11800856406872089,
    {
      "iou": 0.028914346144749567,
      "loss": 0.11800856406872089
    }
  ],
  "epoch_35": [
    "logs/segmentation/2/checkpoints/train.36.pth",
    0.21378032977764422,
    {
      "iou": 0.028643219574139667,
      "loss": 0.21378032977764422
    }
  ],
  "epoch_36": [
    "logs/segmentation/2/checkpoints/train.37.pth",
    0.12328193737910344,
    {
      "iou": 0.029003601635877903,
      "loss": 0.12328193737910344
    }
  ],
  "epoch_37": [
    "logs/segmentation/2/checkpoints/train.38.pth",
    0.12999010911354653,
    {
      "iou": 0.02928014615407357,
      "loss": 0.12999010911354653
    }
  ],
  "epoch_38": [
    "logs/segmentation/2/checkpoints/train.39.pth",
    0.11937493269260113,
    {
      "iou": 0.029011280949299154,
      "loss": 0.11937493269260113
    }
  ],
  "epoch_39": [
    "logs/segmentation/2/checkpoints/train.40.pth",
    0.11421278806833121,
    {
      "iou": 0.02926237772290523,
      "loss": 0.11421278806833121
    }
  ],
  "epoch_40": [
    "logs/segmentation/2/checkpoints/train.41.pth",
    0.11835656624573927,
    {
      "iou": 0.029009458078787877,
      "loss": 0.11835656624573927
    }
  ],
  "epoch_41": [
    "logs/segmentation/2/checkpoints/train.42.pth",
    0.11528526269472562,
    {
      "iou": 0.02949338606916941,
      "loss": 0.11528526269472562
    }
  ],
  "epoch_42": [
    "logs/segmentation/2/checkpoints/train.43.pth",
    0.10735693528101994,
    {
      "iou": 0.029430023867350358,
      "loss": 0.10735693528101994
    }
  ],