{
  "best": {
    "iou": 0.025991630590019316,
    "loss": 0.07825675835976234
  },
  "last": {
    "iou": 0.02603708330470209,
    "loss": 0.08277763770176814
  },
  "train.87": {
    "iou": 0.025991630590019316,
    "loss": 0.07825675835976234
  },
  "epoch_0": [
    "logs/segmentation/3/checkpoints/train.1.pth",
    0.8188465778644268,
    {
      "iou": 0.024127905543607015,
      "loss": 0.8188465778644268
    }
  ],
  "epoch_1": [
    "logs/segmentation/3/checkpoints/train.2.pth",
    0.2684211217440092,
    {
      "iou": 0.025622066375441278,
      "loss": 0.2684211217440092
    }
  ],
  "epoch_2": [
    "logs/segmentation/3/checkpoints/train.3.pth",
    0.21680173598803007,
    {
      "iou": 0.02512688602034289,
      "loss": 0.21680173598803007
    }
  ],
  "epoch_3": [
    "logs/segmentation/3/checkpoints/train.4.pth",
    0.19247819643754224,
    {
      "iou": 0.024959717579902365,
      "loss": 0.19247819643754224
    }
  ],
  "epoch_4": [
    "logs/segmentation/3/checkpoints/train.5.pth",
    0.1674935350051293,
    {
      "iou": 0.024827681900933384,
      "loss": 0.1674935350051293
    }
  ],
  "epoch_5": [
    "logs/segmentation/3/checkpoints/train.6.pth",
    0.1713325885625986,
    {
      "iou": 0.025178817863791034,
      "loss": 0.1713325885625986
    }
  ],
  "epoch_6": [
    "logs/segmentation/3/checkpoints/train.7.pth",
    0.20405684251051684,
    {
      "iou": 0.025513027006616958,
      "loss": 0.20405684251051684
    }
  ],
  "epoch_7": [
    "logs/segmentation/3/checkpoints/train.8.pth",
    0.5120117196669945,
    {
      "iou": 0.022755255886855032,
      "loss": 0.5120117196669945
    }
  ],
  "epoch_8": [
    "logs/segmentation/3/checkpoints/train.9.pth",
    0.7736746971423809,
    {
      "iou": 0.02423703192661588,
      "loss": 0.7736746971423809
    }
  ],
  "epoch_9": [
    "logs/segmentation/3/checkpoints/train.10.pth",
    0.18925152650246255,
    {
      "iou": 0.025285600781297456,
      "loss": 0.18925152650246255
    }
  ],
  "epoch_10": [
    "logs/segmentation/3/checkpoints/train.11.pth",
    0.19194809840275692,
    {
      "iou": 0.025460183903431664,
      "loss": 0.19194809840275692
    }
  ],
  "epoch_11": [
    "logs/segmentation/3/checkpoints/train.12.pth",
    0.1724839082131019,
    {
      "iou": 0.025106385400375495,
      "loss": 0.1724839082131019
    }
  ],
  "epoch_12": [
    "logs/segmentation/3/checkpoints/train.13.pth",
    0.17207109744732196,
    {
      "iou": 0.02509709152822884,
      "loss": 0.17207109744732196
    }
  ],
  "epoch_13": [
    "logs/segmentation/3/checkpoints/train.14.pth",
    0.18080103947566106,
    {
      "iou": 0.024566049648162263,
      "loss": 0.18080103947566106
    }
  ],
  "epoch_14": [
    "logs/segmentation/3/checkpoints/train.15.pth",
    0.17323529995404757,
    {
      "iou": 0.025638375273690773,
      "loss": 0.17323529995404757
    }
  ],
  "epoch_15": [
    "logs/segmentation/3/checkpoints/train.16.pth",
    0.14539298827831562,
    {
      "iou": 0.025080909841479017,
      "loss": 0.14539298827831562
    }
  ],
  "epoch_16": [
    "logs/segmentation/3/checkpoints/train.17.pth",
    0.1391500555551969,
    {
      "iou": 0.025400721575491704,
      "loss": 0.1391500555551969
    }
  ],
  "epoch_17": [
    "logs/segmentation/3/checkpoints/train.18.pth",
    0.16048493018517127,
    {
      "iou": 0.024817715037184267,
      "loss": 0.16048493018517127
    }
  ],
  "epoch_18": [
    "logs/segmentation/3/checkpoints/train.19.pth",
    0.12680769425172073,
    {
      "iou": 0.025597968887394438,
      "loss": 0.12680769425172073
    }
  ],
  "epoch_19": [
    "logs/segmentation/3/checkpoints/train.20.pth",
    0.12245830664267907,
    {
      "iou": 0.02558411441456813,
      "loss": 0.12245830664267907
    }
  ],
  "epoch_20": [
    "logs/segmentation/3/checkpoints/train.21.pth",
    0.12272597551345825,
    {
      "iou": 0.025334675484695115,
      "loss": 0.12272597551345825
    }
  ],
  "epoch_21": [
    "logs/segmentation/3/checkpoints/train.22.pth",
    0.12314111727934618,
    {
      "iou": 0.025643544232186215,
      "loss": 0.12314111727934618
    }
  ],
  "epoch_22": [
    "logs/segmentation/3/checkpoints/train.23.pth",
    0.11672757313801692,
    {
      "iou": 0.025539999895800764,
      "loss": 0.11672757313801692
    }
  ],
  "epoch_23": [
    "logs/segmentation/3/checkpoints/train.24.pth",
    0.11263588116719173,
    {
      "iou": 0.025779127426302204,
      "loss": 0.11263588116719173
    }
  ],
  "epoch_24": [
    "logs/segmentation/3/checkpoints/train.25.pth",
    0.1061799718783452,
    {
      "iou": 0.025671400505906113,
      "loss": 0.1061799718783452
    }
  ],
  "epoch_25": [
    "logs/segmentation/3/checkpoints/train.26.pth",
    0.19637902883382943,
    {
      "iou": 0.026054225446513066,
      "loss": 0.19637902883382943
    }
  ],
  "epoch_26": [
    "logs/segmentation/3/checkpoints/train.27.pth",
    0.1197388795705942,
    {
      "iou": 0.02561557130314983,
      "loss": 0.1197388795705942
    }
  ],
  "epoch_27": [
    "logs/segmentation/3/checkpoints/train.28.pth",
    0.13240238244716937,
    {
      "iou": 0.02513238751114561,
      "loss": 0.13240238244716937
    }
  ],
  "epoch_28": [
    "logs/segmentation/3/checkpoints/train.29.pth",
    0.12798713537362905,
    {
      "iou": 0.02542623278613274,
      "loss": 0.12798713537362905
    }
  ],
  "epoch_29": [
    "logs/segmentation/3/checkpoints/train.30.pth",
    0.11256955953744742,
    {
      "iou": 0.025530440217027297,
      "loss": 0.11256955953744742
    }
  ],
  "epoch_30": [
    "logs/segmentation/3/checkpoints/train.31.pth",
    0.11927004135571993,
    {
      "iou": 0.02560354983434081,
      "loss": 0.11927004135571993
    }
  ],
  "epoch_31": [
    "logs/segmentation/3/checkpoints/train.32.pth",
    0.11083003282546997,
    {
      "iou": 0.025459095914489947,
      "loss": 0.11083003282546997
    }
  ],
  "epoch_32": [
    "logs/segmentation/3/checkpoints/train.33.pth",
    0.10845361856313852,
    {
      "iou": 0.02553150106866199,
      "loss": 0.10845361856313852
    }
  ],
  "epoch_33": [
    "logs/segmentation/3/checkpoints/train.34.pth",
    0.0967202406663161,
    {
      "iou": 0.02565379743464291,
      "loss": 0.0967202406663161
    }
  ],
  "epoch_34": [
    "logs/segmentation/3/checkpoints/train.35.pth",
    0.0964713481756357,
    {
      "iou": 0.02560454675068076,
      "loss": 0.0964713481756357
    }
  ],
  "epoch_35": [
    "logs/segmentation/3/checkpoints/train.36.pth",
    0.11003229709771964,
    {
      "iou": 0.025768995528610852,
      "loss": 0.11003229709771964
    }
  ],
  "epoch_36": [
    "logs/segmentation/3/checkpoints/train.37.pth",
    0.09890200174771822,
    {
      "iou": 0.02573428786216447,
      "loss": 0.09890200174771822
    }
  ],
  "epoch_37": [
    "logs/segmentation/3/checkpoints/train.38.pth",
    0.11686395039925208,
    {
      "iou": 0.025722497024645026,
      "loss": 0.11686395039925208
    }
  ],
  "epoch_38": [
    "logs/segmentation/3/checkpoints/train.39.pth",
    0.1265887214587285,
    {
      "iou": 0.02517224718959859,
      "loss": 0.1265887214587285
    }
  ],
  "epoch_39": [
    "logs/segmentation/3/checkpoints/train.40.pth",
    0.10800955754060011,
    {
      "iou": 0.02561041097729825,
      "loss": 0.10800955754060011
    }
  ],
  "epoch_40": [
    "logs/segmentation/3/checkpoints/train.41.pth",
    0.11765244740706224,
    {
      "iou": 0.02570221431625004,
      "loss": 0.11765244740706224
    }
  ],
  "epoch_41": [
    "logs/segmentation/3/checkpoints/train.42.pth",
    0.09667260921918429,
    {
      "iou": 0.025865645660087467,
      "loss": 0.09667260921918429
    }
  ],
  "epoch_42": [
    "logs/segmentation/3/checkpoints/train.43.pth",
    0.11147035085237943,
    {
      "iou": 0.025991300622431133,
      "loss": 0.11147035085237943
    }
  ],