{
  "best": {
    "iou": 0.026652591675519942,
    "loss": 0.07580916147965651
  },
  "last": {
    "iou": 0.026652591675519942,
    "loss": 0.07580916147965651
  },
  "train.100": {
    "iou": 0.026652591675519942,
    "loss": 0.07580916147965651
  },
  "epoch_0": [
    "logs/segmentation/1/checkpoints/train.1.pth",
    0.956291768184075,
    {
      "iou": 0.019785592819635683,
      "loss": 0.956291768184075
    }
  ],
  "epoch_1": [
    "logs/segmentation/1/checkpoints/train.2.pth",
    0.535819661617279,
    {
      "iou": 0.026062463453182808,
      "loss": 0.535819661617279
    }
  ],
  "epoch_2": [
    "logs/segmentation/1/checkpoints/train.3.pth",
    0.2809590275471027,
    {
      "iou": 0.02573308898852422,
      "loss": 0.2809590275471027
    }
  ],
  "epoch_3": [
    "logs/segmentation/1/checkpoints/train.4.pth",
    0.3119052281746498,
    {
      "iou": 0.025460372349390616,
      "loss": 0.3119052281746498
    }
  ],
  "epoch_4": [
    "logs/segmentation/1/checkpoints/train.5.pth",
    0.2780252970181979,
    {
      "iou": 0.02621939660838017,
      "loss": 0.2780252970181979
    }
  ],
  "epoch_5": [
    "logs/segmentation/1/checkpoints/train.6.pth",
    0.3067249142206632,
    {
      "iou": 0.02618662202014373,
      "loss": 0.3067249142206632
    }
  ],
  "epoch_6": [
    "logs/segmentation/1/checkpoints/train.7.pth",
    0.22260488821909977,
    {
      "iou": 0.02437939577950881,
      "loss": 0.22260488821909977
    }
  ],
  "epoch_7": [
    "logs/segmentation/1/checkpoints/train.8.pth",
    0.19486148357391359,
    {
      "iou": 0.024727503152994008,
      "loss": 0.19486148357391359
    }
  ],
  "epoch_8": [
    "logs/segmentation/1/checkpoints/train.9.pth",
    0.2282826542854309,
    {
      "iou": 0.02619723264987652,
      "loss": 0.2282826542854309
    }
  ],
  "epoch_9": [
    "logs/segmentation/1/checkpoints/train.10.pth",
    0.15854940689527072,
    {
      "iou": 0.025207123819452067,
      "loss": 0.15854940689527072
    }
  ],
  "epoch_10": [
    "logs/segmentation/1/checkpoints/train.11.pth",
    0.16381105918150682,
    {
      "iou": 0.025187654907886797,
      "loss": 0.16381105918150682
    }
  ],
  "epoch_11": [
    "logs/segmentation/1/checkpoints/train.12.pth",
    0.15932745566734902,
    {
      "iou": 0.02530516623877562,
      "loss": 0.15932745566734902
    }
  ],
  "epoch_12": [
    "logs/segmentation/1/checkpoints/train.13.pth",
    0.13751040421999416,
    {
      "iou": 0.02614462375640869,
      "loss": 0.13751040421999416
    }
  ],
  "epoch_13": [
    "logs/segmentation/1/checkpoints/train.14.pth",
    0.7780558980428256,
    {
      "iou": 0.024719337775157047,
      "loss": 0.7780558980428256
    }
  ],
  "epoch_14": [
    "logs/segmentation/1/checkpoints/train.15.pth",
    0.874341761148893,
    {
      "iou": 0.02398630864918232,
      "loss": 0.874341761148893
    }
  ],
  "epoch_15": [
    "logs/segmentation/1/checkpoints/train.16.pth",
    0.21942742054279035,
    {
      "iou": 0.025451492632810886,
      "loss": 0.21942742054279035
    }
  ],
  "epoch_16": [
    "logs/segmentation/1/checkpoints/train.17.pth",
    0.16300561611468975,
    {
      "iou": 0.0258203020462623,
      "loss": 0.16300561611468975
    }
  ],
  "epoch_17": [
    "logs/segmentation/1/checkpoints/train.18.pth",
    0.21159631105569693,
    {
      "iou": 0.024474614686690845,
      "loss": 0.21159631105569693
    }
  ],
  "epoch_18": [
    "logs/segmentation/1/checkpoints/train.19.pth",
    0.13886408439049355,
    {
      "iou": 0.025851152550715666,
      "loss": 0.13886408439049355
    }
  ],
  "epoch_19": [
    "logs/segmentation/1/checkpoints/train.20.pth",
    0.15381884483190683,
    {
      "iou": 0.025547334666435537,
      "loss": 0.15381884483190683
    }
  ],
  "epoch_20": [
    "logs/segmentation/1/checkpoints/train.21.pth",
    0.2557648493693425,
    {
      "iou": 0.023812740124188936,
      "loss": 0.2557648493693425
    }
  ],
  "epoch_21": [
    "logs/segmentation/1/checkpoints/train.22.pth",
    0.12897510895362266,
    {
      "iou": 0.025739683153537602,
      "loss": 0.12897510895362266
    }
  ],
  "epoch_22": [
    "logs/segmentation/1/checkpoints/train.23.pth",
    0.13007803238355198,
    {
      "iou": 0.02561877381343108,
      "loss": 0.13007803238355198
    }
  ],
  "epoch_23": [
    "logs/segmentation/1/checkpoints/train.24.pth",
    0.12272538680296678,
    {
      "iou": 0.0264493273714414,
      "loss": 0.12272538680296678
    }
  ],
  "epoch_24": [
    "logs/segmentation/1/checkpoints/train.25.pth",
    0.11425623251841618,
    {
      "iou": 0.026184413066277137,
      "loss": 0.11425623251841618
    }
  ],
  "epoch_25": [
    "logs/segmentation/1/checkpoints/train.26.pth",
    0.13705770694292507,
    {
      "iou": 0.026569143682718278,
      "loss": 0.13705770694292507
    }
  ],
  "epoch_26": [
    "logs/segmentation/1/checkpoints/train.27.pth",
    0.1322931830699627,
    {
      "iou": 0.02594857278924722,
      "loss": 0.1322931830699627
    }
  ],
  "epoch_27": [
    "logs/segmentation/1/checkpoints/train.28.pth",
    0.10708887026860164,
    {
      "iou": 0.02630528280368218,
      "loss": 0.10708887026860164
    }
  ],
  "epoch_28": [
    "logs/segmentation/1/checkpoints/train.29.pth",
    0.1368707069983849,
    {
      "iou": 0.026614552879562745,
      "loss": 0.1368707069983849
    }
  ],
  "epoch_29": [
    "logs/segmentation/1/checkpoints/train.30.pth",
    0.10766182037500235,
    {
      "iou": 0.02614081467573459,
      "loss": 0.10766182037500235
    }
  ],
  "epoch_30": [
    "logs/segmentation/1/checkpoints/train.31.pth",
    0.11539343687204215,
    {
      "iou": 0.025921124477799123,
      "loss": 0.11539343687204215
    }
  ],
  "epoch_31": [
    "logs/segmentation/1/checkpoints/train.32.pth",
    0.10644711164327768,
    {
      "iou": 0.025967578761852704,
      "loss": 0.10644711164327768
    }
  ],
  "epoch_32": [
    "logs/segmentation/1/checkpoints/train.33.pth",
    0.09961094122666579,
    {
      "iou": 0.026374488352583006,
      "loss": 0.09961094122666579
    }
  ],
  "epoch_33": [
    "logs/segmentation/1/checkpoints/train.34.pth",
    0.1037350370333745,
    {
      "iou": 0.026649124175310134,
      "loss": 0.1037350370333745
    }
  ],
  "epoch_34": [
    "logs/segmentation/1/checkpoints/train.35.pth",
    0.09426243672004113,
    {
      "iou": 0.026675907350503483,
      "loss": 0.09426243672004113
    }
  ],
  "epoch_35": [
    "logs/segmentation/1/checkpoints/train.36.pth",
    0.10593213026340191,
    {
      "iou": 0.026417879158487687,
      "loss": 0.10593213026340191
    }
  ],
  "epoch_36": [
    "logs/segmentation/1/checkpoints/train.37.pth",
    0.09878676487849308,
    {
      "iou": 0.026173313621145028,
      "loss": 0.09878676487849308
    }
  ],
  "epoch_37": [
    "logs/segmentation/1/checkpoints/train.38.pth",
    0.11227949582613432,
    {
      "iou": 0.0258235100370187,
      "loss": 0.11227949582613432
    }
  ],
  "epoch_38": [
    "logs/segmentation/1/checkpoints/train.39.pth",
    0.09850933735187237,
    {
      "iou": 0.026419571414589883,
      "loss": 0.09850933735187237
    }
  ],
  "epoch_39": [
    "logs/segmentation/1/checkpoints/train.40.pth",
    0.10741322774153489,
    {
      "iou": 0.025899007859138342,
      "loss": 0.10741322774153489
    }
  ],
  "epoch_40": [
    "logs/segmentation/1/checkpoints/train.41.pth",
    0.09655314133717463,
    {
      "iou": 0.026681246923712584,
      "loss": 0.09655314133717463
    }
  ],
  "epoch_41": [
    "logs/segmentation/1/checkpoints/train.42.pth",
    0.12805325801555928,
    {
      "iou": 0.025805948989895675,
      "loss": 0.12805325801555928
    }
  ],
  "epoch_42": [
    "logs/segmentation/1/checkpoints/train.43.pth",
    0.2130707419835604,
    {
      "iou": 0.026352002672277965,
      "loss": 0.2130707419835604
    }
  ],