{
  "best": {
    "iou": 0.021260619607682413,
    "loss": 0.10750055588208712
  },
  "last": {
    "iou": 0.021214853656979706,
    "loss": 0.10809221084301288
  },
  "train.99": {
    "iou": 0.021260619607682413,
    "loss": 0.10750055588208712
  },
  "epoch_0": [
    "logs/segmentation/checkpoints/train.1.pth",
    0.5764461682393002,
    {
      "iou": 0.017816972918808457,
      "loss": 0.5764461682393002
    }
  ],
  "epoch_1": [
    "logs/segmentation/checkpoints/train.2.pth",
    0.9644218417314382,
    {
      "iou": 0.01593970672155802,
      "loss": 0.9644218417314382
    }
  ],
  "epoch_2": [
    "logs/segmentation/checkpoints/train.3.pth",
    0.4365950538561894,
    {
      "iou": 0.018019866112333076,
      "loss": 0.4365950538561894
    }
  ],
  "epoch_3": [
    "logs/segmentation/checkpoints/train.4.pth",
    0.2614629672123836,
    {
      "iou": 0.020204196225565213,
      "loss": 0.2614629672123836
    }
  ],
  "epoch_4": [
    "logs/segmentation/checkpoints/train.5.pth",
    0.2924890389809242,
    {
      "iou": 0.019186517968773843,
      "loss": 0.2924890389809242
    }
  ],
  "epoch_5": [
    "logs/segmentation/checkpoints/train.6.pth",
    0.26980177439176123,
    {
      "iou": 0.019575493524854,
      "loss": 0.26980177439176123
    }
  ],
  "epoch_6": [
    "logs/segmentation/checkpoints/train.7.pth",
    0.27689482340445887,
    {
      "iou": 0.01979150229062025,
      "loss": 0.27689482340445887
    }
  ],
  "epoch_7": [
    "logs/segmentation/checkpoints/train.8.pth",
    0.28281178474426266,
    {
      "iou": 0.019808594466975103,
      "loss": 0.28281178474426266
    }
  ],
  "epoch_8": [
    "logs/segmentation/checkpoints/train.9.pth",
    0.22019293766755324,
    {
      "iou": 0.02045937547316918,
      "loss": 0.22019293766755324
    }
  ],
  "epoch_9": [
    "logs/segmentation/checkpoints/train.10.pth",
    0.9638282922598032,
    {
      "iou": 0.016016293847217013,
      "loss": 0.9638282922598032
    }
  ],
  "epoch_10": [
    "logs/segmentation/checkpoints/train.11.pth",
    0.5391204632245578,
    {
      "iou": 0.019837128442640486,
      "loss": 0.5391204632245578
    }
  ],
  "epoch_11": [
    "logs/segmentation/checkpoints/train.12.pth",
    0.21792809871526864,
    {
      "iou": 0.020744589186058596,
      "loss": 0.21792809871526864
    }
  ],
  "epoch_12": [
    "logs/segmentation/checkpoints/train.13.pth",
    0.19945751245205218,
    {
      "iou": 0.020808392089719956,
      "loss": 0.19945751245205218
    }
  ],
  "epoch_13": [
    "logs/segmentation/checkpoints/train.14.pth",
    0.18448389035004836,
    {
      "iou": 0.021035290265885683,
      "loss": 0.18448389035004836
    }
  ],
  "epoch_14": [
    "logs/segmentation/checkpoints/train.15.pth",
    0.21051262800510115,
    {
      "iou": 0.02126086208109672,
      "loss": 0.21051262800510115
    }
  ],
  "epoch_15": [
    "logs/segmentation/checkpoints/train.16.pth",
    0.19284345278373133,
    {
      "iou": 0.020445487662576714,
      "loss": 0.19284345278373133
    }
  ],
  "epoch_16": [
    "logs/segmentation/checkpoints/train.17.pth",
    0.9117901893762442,
    {
      "iou": 0.019054574189850917,
      "loss": 0.9117901893762442
    }
  ],
  "epoch_17": [
    "logs/segmentation/checkpoints/train.18.pth",
    0.2541145177987906,
    {
      "iou": 0.019495571075150604,
      "loss": 0.2541145177987906
    }
  ],
  "epoch_18": [
    "logs/segmentation/checkpoints/train.19.pth",
    0.2152240615624648,
    {
      "iou": 0.020108914403961255,
      "loss": 0.2152240615624648
    }
  ],
  "epoch_19": [
    "logs/segmentation/checkpoints/train.20.pth",
    0.17527300302798932,
    {
      "iou": 0.020644768986564418,
      "loss": 0.17527300302798932
    }
  ],
  "epoch_20": [
    "logs/segmentation/checkpoints/train.21.pth",
    0.19507813453674316,
    {
      "iou": 0.02068897011474921,
      "loss": 0.19507813453674316
    }
  ],
  "epoch_21": [
    "logs/segmentation/checkpoints/train.22.pth",
    0.1585296291571397,
    {
      "iou": 0.020881523335209262,
      "loss": 0.1585296291571397
    }
  ],
  "epoch_22": [
    "logs/segmentation/checkpoints/train.23.pth",
    0.16101716848520134,
    {
      "iou": 0.020816838053556587,
      "loss": 0.16101716848520134
    }
  ],
  "epoch_23": [
    "logs/segmentation/checkpoints/train.24.pth",
    0.15625125169754028,
    {
      "iou": 0.020774390763388235,
      "loss": 0.15625125169754028
    }
  ],
  "epoch_24": [
    "logs/segmentation/checkpoints/train.25.pth",
    0.7540142545333276,
    {
      "iou": 0.019314250421638673,
      "loss": 0.7540142545333276
    }
  ],
  "epoch_25": [
    "logs/segmentation/checkpoints/train.26.pth",
    0.19284544266187229,
    {
      "iou": 0.020785734558907837,
      "loss": 0.19284544266187229
    }
  ],
  "epoch_26": [
    "logs/segmentation/checkpoints/train.27.pth",
    0.1420774771617009,
    {
      "iou": 0.021070383231227216,
      "loss": 0.1420774771617009
    }
  ],
  "epoch_27": [
    "logs/segmentation/checkpoints/train.28.pth",
    0.14848666741297795,
    {
      "iou": 0.020753782844314207,
      "loss": 0.14848666741297795
    }
  ],
  "epoch_28": [
    "logs/segmentation/checkpoints/train.29.pth",
    0.18835656551214366,
    {
      "iou": 0.020759755229720706,
      "loss": 0.18835656551214366
    }
  ],
  "epoch_29": [
    "logs/segmentation/checkpoints/train.30.pth",
    0.21588189693597645,
    {
      "iou": 0.020433054979030904,
      "loss": 0.21588189693597645
    }
  ],
  "epoch_30": [
    "logs/segmentation/checkpoints/train.31.pth",
    0.305662974027487,
    {
      "iou": 0.01919409241527319,
      "loss": 0.305662974027487
    }
  ],
  "epoch_31": [
    "logs/segmentation/checkpoints/train.32.pth",
    0.1407890668282142,
    {
      "iou": 0.020763290773790615,
      "loss": 0.1407890668282142
    }
  ],
  "epoch_32": [
    "logs/segmentation/checkpoints/train.33.pth",
    0.17813772880114043,
    {
      "iou": 0.020643151680437417,
      "loss": 0.17813772880114043
    }
  ],
  "epoch_33": [
    "logs/segmentation/checkpoints/train.34.pth",
    0.2575952291488648,
    {
      "iou": 0.01951166527489057,
      "loss": 0.2575952291488648
    }
  ],
  "epoch_34": [
    "logs/segmentation/checkpoints/train.35.pth",
    0.15389476280946,
    {
      "iou": 0.02110278460268791,
      "loss": 0.15389476280946
    }
  ],
  "epoch_35": [
    "logs/segmentation/checkpoints/train.36.pth",
    0.15798658224252554,
    {
      "iou": 0.020626805493464836,
      "loss": 0.15798658224252554
    }
  ],
  "epoch_36": [
    "logs/segmentation/checkpoints/train.37.pth",
    0.14726422750032864,
    {
      "iou": 0.020571893711502736,
      "loss": 0.14726422750032864
    }
  ],
  "epoch_37": [
    "logs/segmentation/checkpoints/train.38.pth",
    0.14318624551479633,
    {
      "iou": 0.020576264451329523,
      "loss": 0.14318624551479633
    }
  ],
  "epoch_38": [
    "logs/segmentation/checkpoints/train.39.pth",
    0.12360165944466224,
    {
      "iou": 0.021002205604544053,
      "loss": 0.12360165944466224
    }
  ],
  "epoch_39": [
    "logs/segmentation/checkpoints/train.40.pth",
    0.1350391598848196,
    {
      "iou": 0.0209726886680493,
      "loss": 0.1350391598848196
    }
  ],
  "epoch_40": [
    "logs/segmentation/checkpoints/train.41.pth",
    0.1251021403532762,
    {
      "iou": 0.021006676941536937,
      "loss": 0.1251021403532762
    }
  ],
  "epoch_41": [
    "logs/segmentation/checkpoints/train.42.pth",
    0.12370696984804594,
    {
      "iou": 0.0210937104259546,
      "loss": 0.12370696984804594
    }
  ],
  "epoch_42": [
    "logs/segmentation/checkpoints/train.43.pth",
    0.12428958599384016,
    {
      "iou": 0.020997992172264134,
      "loss": 0.12428958599384016
    }
  ],
  "epoch_43": [
    "logs/segmentation/checkpoints/train.44.pth",
    0.1217635438992427,
    {
      "iou": 0.02110972855813228,
      "loss": 0.1217635438992427
    }
  ],