{
  "best": {
    "loss": 0.12998703626485972,
    "iou": 0.020997269623554672
  },
  "last": {
    "loss": 0.22789699664482704,
    "iou": 0.020224211107079795
  },
  "train.82": {
    "loss": 0.12998703626485972,
    "iou": 0.020997269623554672
  },
  "epoch_0": [
    "logs/segmentation/checkpoints/train.1.pth",
    0.7623966418779814,
    {
      "loss": 0.7623966418779814,
      "iou": 0.01694974076862519
    }
  ],
  "epoch_1": [
    "logs/segmentation/checkpoints/train.2.pth",
    0.7417630828343905,
    {
      "loss": 0.7417630828343905,
      "iou": 0.017788692076618852
    }
  ],
  "epoch_2": [
    "logs/segmentation/checkpoints/train.3.pth",
    0.27706398963928225,
    {
      "loss": 0.27706398963928225,
      "iou": 0.020372162128870306
    }
  ],
  "epoch_3": [
    "logs/segmentation/checkpoints/train.4.pth",
    0.3705194271527804,
    {
      "loss": 0.3705194271527804,
      "iou": 0.020176185954075592
    }
  ],
  "epoch_4": [
    "logs/segmentation/checkpoints/train.5.pth",
    0.29634194557483373,
    {
      "loss": 0.29634194557483373,
      "iou": 0.020062408352700564
    }
  ],
  "epoch_5": [
    "logs/segmentation/checkpoints/train.6.pth",
    0.7542754365847661,
    {
      "loss": 0.7542754365847661,
      "iou": 0.016999055445194245
    }
  ],
  "epoch_6": [
    "logs/segmentation/checkpoints/train.7.pth",
    0.6188563126784106,
    {
      "loss": 0.6188563126784106,
      "iou": 0.017892034581074346
    }
  ],
  "epoch_7": [
    "logs/segmentation/checkpoints/train.8.pth",
    0.8872158408164977,
    {
      "loss": 0.8872158408164977,
      "iou": 0.015868483139918402
    }
  ],
  "epoch_8": [
    "logs/segmentation/checkpoints/train.9.pth",
    0.6405719381112319,
    {
      "loss": 0.6405719381112319,
      "iou": 0.019437964217594035
    }
  ],
  "epoch_9": [
    "logs/segmentation/checkpoints/train.10.pth",
    0.41613215483151944,
    {
      "loss": 0.41613215483151944,
      "iou": 0.019735119606439883
    }
  ],
  "epoch_10": [
    "logs/segmentation/checkpoints/train.11.pth",
    0.3395255914101234,
    {
      "loss": 0.3395255914101234,
      "iou": 0.019712037163285106
    }
  ],
  "epoch_11": [
    "logs/segmentation/checkpoints/train.12.pth",
    0.2758414140114418,
    {
      "loss": 0.2758414140114418,
      "iou": 0.02006284247797269
    }
  ],
  "epoch_12": [
    "logs/segmentation/checkpoints/train.13.pth",
    0.7224599132171045,
    {
      "loss": 0.7224599132171045,
      "iou": 0.0166684238669964
    }
  ],
  "epoch_13": [
    "logs/segmentation/checkpoints/train.14.pth",
    0.2541050479962275,
    {
      "loss": 0.2541050479962275,
      "iou": 0.02015656139701605
    }
  ],
  "epoch_14": [
    "logs/segmentation/checkpoints/train.15.pth",
    0.21208956791804387,
    {
      "loss": 0.21208956791804387,
      "iou": 0.02057272240232963
    }
  ],
  "epoch_15": [
    "logs/segmentation/checkpoints/train.16.pth",
    0.613066303730011,
    {
      "loss": 0.613066303730011,
      "iou": 0.01741746592407043
    }
  ],
  "epoch_16": [
    "logs/segmentation/checkpoints/train.17.pth",
    0.32903391673014715,
    {
      "loss": 0.32903391673014715,
      "iou": 0.019514794991566584
    }
  ],
  "epoch_17": [
    "logs/segmentation/checkpoints/train.18.pth",
    0.27920886920048643,
    {
      "loss": 0.27920886920048643,
      "iou": 0.020150690511442148
    }
  ],
  "epoch_18": [
    "logs/segmentation/checkpoints/train.19.pth",
    0.26407482807452864,
    {
      "loss": 0.26407482807452864,
      "iou": 0.020161653811541887
    }
  ],
  "epoch_19": [
    "logs/segmentation/checkpoints/train.20.pth",
    0.30766645303139323,
    {
      "loss": 0.30766645303139323,
      "iou": 0.02007736643919578
    }
  ],
  "epoch_20": [
    "logs/segmentation/checkpoints/train.21.pth",
    0.2210950613021851,
    {
      "loss": 0.2210950613021851,
      "iou": 0.020310150932234067
    }
  ],
  "epoch_21": [
    "logs/segmentation/checkpoints/train.22.pth",
    0.1957022951199458,
    {
      "loss": 0.1957022951199458,
      "iou": 0.02060447194828437
    }
  ],
  "epoch_22": [
    "logs/segmentation/checkpoints/train.23.pth",
    0.2050964722266564,
    {
      "loss": 0.2050964722266564,
      "iou": 0.02042959651981409
    }
  ],
  "epoch_23": [
    "logs/segmentation/checkpoints/train.24.pth",
    0.3203167631075932,
    {
      "loss": 0.3203167631075932,
      "iou": 0.019737156308614293
    }
  ],
  "epoch_24": [
    "logs/segmentation/checkpoints/train.25.pth",
    0.25610411258844235,
    {
      "loss": 0.25610411258844235,
      "iou": 0.020013999165250703
    }
  ],
  "epoch_25": [
    "logs/segmentation/checkpoints/train.26.pth",
    0.30761139301153334,
    {
      "loss": 0.30761139301153334,
      "iou": 0.01994301762718421
    }
  ],
  "epoch_26": [
    "logs/segmentation/checkpoints/train.27.pth",
    0.2070600335414593,
    {
      "loss": 0.2070600335414593,
      "iou": 0.020300709914702637
    }
  ],
  "epoch_27": [
    "logs/segmentation/checkpoints/train.28.pth",
    0.2888067603111267,
    {
      "loss": 0.2888067603111267,
      "iou": 0.019990528976688016
    }
  ],
  "epoch_28": [
    "logs/segmentation/checkpoints/train.29.pth",
    0.3329562599842365,
    {
      "loss": 0.3329562599842365,
      "iou": 0.019965491429544412
    }
  ],
  "epoch_29": [
    "logs/segmentation/checkpoints/train.30.pth",
    0.188595633323376,
    {
      "loss": 0.188595633323376,
      "iou": 0.020539909687179784
    }
  ],
  "epoch_30": [
    "logs/segmentation/checkpoints/train.31.pth",
    0.410004383784074,
    {
      "loss": 0.410004383784074,
      "iou": 0.019165190008397285
    }
  ],
  "epoch_31": [
    "logs/segmentation/checkpoints/train.32.pth",
    0.24463217166753914,
    {
      "loss": 0.24463217166753914,
      "iou": 0.020225147272531805
    }
  ],
  "epoch_32": [
    "logs/segmentation/checkpoints/train.33.pth",
    0.19455404281616215,
    {
      "loss": 0.19455404281616215,
      "iou": 0.020512888150719496
    }
  ],
  "epoch_33": [
    "logs/segmentation/checkpoints/train.34.pth",
    0.20156496304732105,
    {
      "loss": 0.20156496304732105,
      "iou": 0.020494716084347324
    }
  ],
  "epoch_34": [
    "logs/segmentation/checkpoints/train.35.pth",
    0.2284673250638522,
    {
      "loss": 0.2284673250638522,
      "iou": 0.02032219412235113
    }
  ],
  "epoch_35": [
    "logs/segmentation/checkpoints/train.36.pth",
    0.1841840514769921,
    {
      "loss": 0.1841840514769921,
      "iou": 0.02049975240459809
    }
  ],
  "epoch_36": [
    "logs/segmentation/checkpoints/train.37.pth",
    0.16711080624507021,
    {
      "loss": 0.16711080624507021,
      "iou": 0.020763797527895523
    }
  ],
  "epoch_37": [
    "logs/segmentation/checkpoints/train.38.pth",
    0.16874045867186324,
    {
      "loss": 0.16874045867186324,
      "iou": 0.020629628016971623
    }
  ],
  "epoch_38": [
    "logs/segmentation/checkpoints/train.39.pth",
    0.15252752854273868,
    {
      "loss": 0.15252752854273868,
      "iou": 0.020778431184589864
    }
  ],
  "epoch_39": [
    "logs/segmentation/checkpoints/train.40.pth",
    0.20408979012415956,
    {
      "loss": 0.20408979012415956,
      "iou": 0.020595392384208166
    }
  ],
  "epoch_40": [
    "logs/segmentation/checkpoints/train.41.pth",
    0.19583956736784713,
    {
      "loss": 0.19583956736784713,
      "iou": 0.020466863048764376
    }
  ],
  "epoch_41": [
    "logs/segmentation/checkpoints/train.42.pth",
    0.16331213987790624,
    {
      "loss": 0.16331213987790624,
      "iou": 0.020759786823048042
    }
  ],
  "epoch_42": [
    "logs/segmentation/checkpoints/train.43.pth",
    0.15720030069351196,
    {
      "loss": 0.15720030069351196,
      "iou": 0.02074796149077324
    }
  ],
  "epoch_43": [
    "logs/segmentation/checkpoints/train.44.pth",
    0.1665036916732788,
    {
      "loss": 0.1665036916732788,
      "iou": 0.020618970950062456
    }
  ],