{
  "best": {
    "loss": 0.10013294609693381
  },
  "last": {
    "loss": 0.2679235006754215
  },
  "train.63": {
    "loss": 0.10013294609693381
  },
  "epoch_0": [
    "logs/classification/0/checkpoints/train.1.pth",
    144.47736558180588,
    {
      "loss": 144.47736558180588
    }
  ],
  "epoch_1": [
    "logs/classification/0/checkpoints/train.2.pth",
    231.6833467923678,
    {
      "loss": 231.6833467923678
    }
  ],
  "epoch_2": [
    "logs/classification/0/checkpoints/train.3.pth",
    54.337411322960484,
    {
      "loss": 54.337411322960484
    }
  ],
  "epoch_3": [
    "logs/classification/0/checkpoints/train.4.pth",
    15.425709475003757,
    {
      "loss": 15.425709475003757
    }
  ],
  "epoch_4": [
    "logs/classification/0/checkpoints/train.5.pth",
    0.9687642803558937,
    {
      "loss": 0.9687642803558937
    }
  ],
  "epoch_5": [
    "logs/classification/0/checkpoints/train.6.pth",
    0.44392754985735966,
    {
      "loss": 0.44392754985735966
    }
  ],
  "epoch_6": [
    "logs/classification/0/checkpoints/train.7.pth",
    0.8680368267572843,
    {
      "loss": 0.8680368267572843
    }
  ],
  "epoch_7": [
    "logs/classification/0/checkpoints/train.8.pth",
    0.5565498127387121,
    {
      "loss": 0.5565498127387121
    }
  ],
  "epoch_8": [
    "logs/classification/0/checkpoints/train.9.pth",
    0.9557852405768175,
    {
      "loss": 0.9557852405768175
    }
  ],
  "epoch_9": [
    "logs/classification/0/checkpoints/train.10.pth",
    0.890475077353991,
    {
      "loss": 0.890475077353991
    }
  ],
  "epoch_10": [
    "logs/classification/0/checkpoints/train.11.pth",
    0.7217828878989586,
    {
      "loss": 0.7217828878989586
    }
  ],
  "epoch_11": [
    "logs/classification/0/checkpoints/train.12.pth",
    0.556252934382512,
    {
      "loss": 0.556252934382512
    }
  ],
  "epoch_12": [
    "logs/classification/0/checkpoints/train.13.pth",
    0.28052877141879157,
    {
      "loss": 0.28052877141879157
    }
  ],
  "epoch_13": [
    "logs/classification/0/checkpoints/train.14.pth",
    0.36119469908567575,
    {
      "loss": 0.36119469908567575
    }
  ],
  "epoch_14": [
    "logs/classification/0/checkpoints/train.15.pth",
    0.7461607694625855,
    {
      "loss": 0.7461607694625855
    }
  ],
  "epoch_15": [
    "logs/classification/0/checkpoints/train.16.pth",
    2.192875154201801,
    {
      "loss": 2.192875154201801
    }
  ],
  "epoch_16": [
    "logs/classification/0/checkpoints/train.17.pth",
    1.381983023423415,
    {
      "loss": 1.381983023423415
    }
  ],
  "epoch_17": [
    "logs/classification/0/checkpoints/train.18.pth",
    0.30091616671818955,
    {
      "loss": 0.30091616671818955
    }
  ],
  "epoch_18": [
    "logs/classification/0/checkpoints/train.19.pth",
    0.7190641957979935,
    {
      "loss": 0.7190641957979935
    }
  ],
  "epoch_19": [
    "logs/classification/0/checkpoints/train.20.pth",
    0.12272842904696098,
    {
      "loss": 0.12272842904696098
    }
  ],
  "epoch_20": [
    "logs/classification/0/checkpoints/train.21.pth",
    0.8824195141975696,
    {
      "loss": 0.8824195141975696
    }
  ],
  "epoch_21": [
    "logs/classification/0/checkpoints/train.22.pth",
    0.38908352989416856,
    {
      "loss": 0.38908352989416856
    }
  ],
  "epoch_22": [
    "logs/classification/0/checkpoints/train.23.pth",
    0.2676391484645697,
    {
      "loss": 0.2676391484645697
    }
  ],
  "epoch_23": [
    "logs/classification/0/checkpoints/train.24.pth",
    5.58025346169105,
    {
      "loss": 5.58025346169105
    }
  ],
  "epoch_24": [
    "logs/classification/0/checkpoints/train.25.pth",
    6.239027265401987,
    {
      "loss": 6.239027265401987
    }
  ],
  "epoch_25": [
    "logs/classification/0/checkpoints/train.26.pth",
    1.578791777904217,
    {
      "loss": 1.578791777904217
    }
  ],
  "epoch_26": [
    "logs/classification/0/checkpoints/train.27.pth",
    0.36182007904236135,
    {
      "loss": 0.36182007904236135
    }
  ],
  "epoch_27": [
    "logs/classification/0/checkpoints/train.28.pth",
    0.43306938593204203,
    {
      "loss": 0.43306938593204203
    }
  ],
  "epoch_28": [
    "logs/classification/0/checkpoints/train.29.pth",
    0.6706274793698237,
    {
      "loss": 0.6706274793698237
    }
  ],
  "epoch_29": [
    "logs/classification/0/checkpoints/train.30.pth",
    0.5811031988033881,
    {
      "loss": 0.5811031988033881
    }
  ],
  "epoch_30": [
    "logs/classification/0/checkpoints/train.31.pth",
    0.2775358165685947,
    {
      "loss": 0.2775358165685947
    }
  ],
  "epoch_31": [
    "logs/classification/0/checkpoints/train.32.pth",
    0.3715845126372117,
    {
      "loss": 0.3715845126372117
    }
  ],
  "epoch_32": [
    "logs/classification/0/checkpoints/train.33.pth",
    0.3557648764206813,
    {
      "loss": 0.3557648764206813
    }
  ],
  "epoch_33": [
    "logs/classification/0/checkpoints/train.34.pth",
    1.131331698481853,
    {
      "loss": 1.131331698481853
    }
  ],
  "epoch_34": [
    "logs/classification/0/checkpoints/train.35.pth",
    0.14556787816377786,
    {
      "loss": 0.14556787816377786
    }
  ],
  "epoch_35": [
    "logs/classification/0/checkpoints/train.36.pth",
    0.3964768496843485,
    {
      "loss": 0.3964768496843485
    }
  ],
  "epoch_36": [
    "logs/classification/0/checkpoints/train.37.pth",
    0.624265867471695,
    {
      "loss": 0.624265867471695
    }
  ],
  "epoch_37": [
    "logs/classification/0/checkpoints/train.38.pth",
    2.111008018713731,
    {
      "loss": 2.111008018713731
    }
  ],
  "epoch_38": [
    "logs/classification/0/checkpoints/train.39.pth",
    1.9927205397532537,
    {
      "loss": 1.9927205397532537
    }
  ],
  "epoch_39": [
    "logs/classification/0/checkpoints/train.40.pth",
    0.249466688816364,
    {
      "loss": 0.249466688816364
    }
  ],
  "epoch_40": [
    "logs/classification/0/checkpoints/train.41.pth",
    0.3910668391447801,
    {
      "loss": 0.3910668391447801
    }
  ],
  "epoch_41": [
    "logs/classification/0/checkpoints/train.42.pth",
    0.19089789665662327,
    {
      "loss": 0.19089789665662327
    }
  ],
  "epoch_42": [
    "logs/classification/0/checkpoints/train.43.pth",
    0.3405325985871829,
    {
      "loss": 0.3405325985871829
    }
  ],
  "epoch_43": [
    "logs/classification/0/checkpoints/train.44.pth",
    0.1445600186402981,
    {
      "loss": 0.1445600186402981
    }
  ],
  "epoch_44": [
    "logs/classification/0/checkpoints/train.45.pth",
    0.16959521105656256,
    {
      "loss": 0.16959521105656256
    }
  ],
  "epoch_45": [
    "logs/classification/0/checkpoints/train.46.pth",
    0.24041451811790465,
    {
      "loss": 0.24041451811790465
    }
  ],
  "epoch_46": [
    "logs/classification/0/checkpoints/train.47.pth",
    0.5012734752434951,
    {
      "loss": 0.5012734752434951
    }
  ],
  "epoch_47": [
    "logs/classification/0/checkpoints/train.48.pth",
    0.7483252681218661,
    {
      "loss": 0.7483252681218661
    }
  ],
  "epoch_48": [
    "logs/classification/0/checkpoints/train.49.pth",
    0.501876843892611,
    {
      "loss": 0.501876843892611
    }
  ],
  "epoch_49": [
    "logs/classification/0/checkpoints/train.50.pth",
    0.4023187903257517,
    {
      "loss": 0.4023187903257517
    }
  ],
  "epoch_50": [
    "logs/classification/0/checkpoints/train.51.pth",
    0.6229347366553086,
    {
      "loss": 0.6229347366553086
    }
  ],
  "epoch_51": [
    "logs/classification/0/checkpoints/train.52.pth",
    0.4566777582351978,
    {
      "loss": 0.4566777582351978
    }
  ],
  "epoch_52": [
    "logs/classification/0/checkpoints/train.53.pth",
    0.24734999583317682,
    {
      "loss": 0.24734999583317682
    }
  ],
  "epoch_53": [
    "logs/classification/0/checkpoints/train.54.pth",
    1.5511605831292958,
    {
      "loss": 1.5511605831292958
    }
  ],